8, 4, 3, 1, 1, 2, 12, 4, 9, 12, 10, 22, 15, 18, 21, 20, 18, 21, 17, 14, 19, 12, 28, 34, 33, 25, 37, 27, 28, 25, 31, 29, 37, 31, 39, 34, 38, 31, 36, 37, 31, 39, 33, 39, 18, 28, 29, 33, 39, 28, 33, 32, 32, 52, 36, 35, 43, 30, 34, 28, 37, 41, 36, 24, 35, 35, 20, 22, 26, 20, 19, 22, 16, 9, 4, 10, 6, 6, 7, 10, 5, 15, 20, 12, 15, 18, 25, 13, 15, 11, 10, 5, 6, 4
5, 3, 3, 2, 2, 3, 7, 2, 7, 6, 10, 12, 10, 9, 10, 9, 10, 11, 8, 7, 7, 7, 12, 17, 18, 18, 18, 17, 19, 15, 9, 16, 18, 10, 17, 20, 18, 19, 14, 20, 18, 16, 20, 7, 15, 13, 10, 21, 24, 15, 14, 15, 26, 22, 15, 16, 17, 18, 14, 18, 16, 17, 12, 10, 9, 20, 14, 13, 23, 11, 7, 10, 2, 6, 3, 1, 3, 6, 5, 2, 4, 6, 6, 8, 8, 11, 8, 6, 6, 2, 2, 1, 3, 0
9, 4, 3, 4, 2, 4, 8, 6, 10, 4, 14, 12, 14, 8, 10, 10, 12, 16, 15, 10, 13, 15, 14, 20, 15, 21, 19, 17, 6, 12, 14, 17, 14, 20, 18, 17, 21, 20, 19, 16, 13, 20, 12, 20, 19, 9, 19, 27, 17, 17, 15, 17, 23, 17, 16, 11, 21, 20, 16, 11, 25, 12, 12, 14, 14, 21, 21, 14, 11, 12, 13, 8, 5, 3, 2, 7, 6, 7, 4, 6, 8, 5, 9, 6, 4, 10, 6, 2, 2, 3, 3, 2, 3, 2
7, 1, 5, 4, 4, 7, 7, 6, 11, 7, 16, 15, 12, 13, 14, 17, 17, 12, 13, 11, 14, 14, 13, 25, 14, 21, 16, 17, 12, 4, 17, 19, 16, 17, 17, 26, 20, 18, 17, 17, 18, 22, 19, 20, 25, 16, 19, 13, 14, 17, 10, 22, 13, 15, 18, 14, 23, 15, 17, 12, 9, 15, 16, 19, 19, 22, 16, 6, 15, 15, 15, 11, 8, 9, 6, 10, 4, 6, 9, 7, 8, 10, 9, 9, 9, 2, 3, 4, 4, 3, 1, 0, 3, 3
5, 5, 2, 3, 4, 3, 10, 13, 16, 16, 17, 19, 20, 12, 15, 14, 19, 17, 10, 12, 13, 19, 20, 22, 18, 20, 19, 17, 10, 11, 12, 22, 12, 14, 21, 25, 16, 18, 20, 15, 20, 26, 23, 17, 21, 24, 12, 15, 16, 19, 19, 11, 17, 15, 18, 17, 18, 22, 23, 18, 16, 20, 11, 19, 12, 16, 14, 8, 14, 15, 11, 11, 10, 9, 6, 7, 6, 9, 12, 16, 12, 10, 7, 4, 3, 1, 2, 3, 2, 4, 3, 3, 4, 2
12, 9, 4, 5, 6, 6, 6, 15, 11, 17, 21, 18, 20, 20, 25, 16, 19, 24, 14, 11, 13, 18, 16, 19, 15, 15, 12, 19, 13, 17, 19, 20, 13, 17, 25, 24, 20, 16, 16, 11, 18, 23, 14, 21, 25, 22, 12, 15, 15, 16, 26, 10, 18, 18, 16, 18, 22, 20, 21, 13, 15, 20, 17, 15, 13, 14, 15, 9, 13, 14, 12, 8, 10, 14, 10, 14, 9, 11, 16, 14, 10, 6, 7, 6, 9, 8, 8, 7, 4, 3, 2, 2, 1, 2
17, 7, 9, 9, 7, 7, 14, 22, 16, 22, 15, 17, 18, 15, 14, 19, 27, 24, 19, 12, 10, 13, 18, 18, 16, 19, 19, 12, 10, 13, 26, 13, 17, 16, 17, 19, 15, 21, 12, 19, 11, 22, 22, 25, 33, 27, 18, 16, 12, 24, 19, 16, 18, 12, 18, 27, 25, 21, 13, 19, 18, 24, 10, 12, 15, 13, 23, 20, 19, 7, 8, 7, 21, 15, 15, 19, 10, 9, 12, 15, 10, 12, 7, 12, 9, 7, 10, 5, 4, 6, 2, 5, 4, 1
16, 7, 7, 5, 6, 6, 12, 23, 15, 21, 15, 14, 16, 25, 21, 21, 14, 21, 21, 22, 17, 14, 22, 16, 19, 18, 16, 15, 13, 16, 24, 25, 21, 17, 19, 21, 15, 21, 19, 16, 13, 17, 25, 23, 25, 27, 17, 17, 14, 18, 25, 17, 16, 14, 20, 26, 20, 20, 20, 19, 10, 22, 13, 9, 12, 17, 19, 12, 18, 11, 16, 19, 19, 12, 20, 14, 6, 10, 12, 11, 6, 10, 9, 9, 5, 9, 10, 6, 7, 5, 5, 4, 3, 5
14, 7, 5, 3, 4, 7, 11, 21, 21, 20, 20, 15, 16, 13, 17, 23, 20, 15, 15, 22, 25, 26, 19, 21, 22, 20, 15, 17, 12, 20, 19, 16, 17, 20, 19, 14, 19, 21, 11, 13, 18, 22, 14, 23, 17, 28, 25, 13, 23, 16, 20, 19, 15, 22, 22, 16, 22, 21, 20, 16, 16, 23, 19, 10, 19, 15, 15, 15, 11, 15, 16, 21, 13, 14, 16, 17, 12, 12, 15, 13, 9, 13, 11, 11, 9, 10, 13, 7, 7, 8, 5, 7, 5, 6
14, 10, 9, 13, 14, 14, 17, 17, 14, 14, 13, 22, 17, 15, 17, 16, 14, 16, 18, 21, 14, 25, 20, 20, 35, 17, 15, 9, 19, 17, 24, 16, 13, 23, 20, 16, 24, 21, 14, 17, 15, 22, 25, 20, 26, 21, 26, 23, 22, 18, 19, 24, 17, 16, 21, 15, 22, 21, 15, 17, 16, 16, 8, 12, 13, 15, 13, 23, 17, 15, 13, 21, 19, 9, 15, 15, 11, 10, 9, 6, 13, 12, 11, 12, 14, 11, 14, 10, 9, 7, 7, 6, 6, 4
25, 20, 21, 16, 12, 12, 18, 21, 19, 23, 18, 20, 15, 19, 20, 16, 16, 13, 12, 12, 17, 27, 17, 23, 24, 21, 16, 17, 21, 19, 17, 15, 17, 18, 26, 20, 19, 13, 17, 12, 17, 18, 29, 23, 23, 21, 32, 27, 15, 17, 20, 27, 21, 17, 12, 21, 19, 22, 12, 24, 12, 17, 17, 17, 14, 17, 25, 22, 11, 12, 16, 22, 18, 12, 16, 10, 11, 10, 14, 12, 17, 13, 12, 14, 14, 15, 13, 9, 15, 11, 8, 8, 8, 10
36, 15, 17, 14, 16, 15, 23, 24, 21, 15, 20, 29, 28, 16, 20, 22, 19, 17, 15, 15, 16, 24, 20, 33, 26, 17, 22, 23, 22, 23, 22, 19, 16, 17, 19, 20, 22, 15, 11, 21, 23, 20, 26, 28, 19, 23, 26, 22, 15, 20, 23, 31, 18, 13, 14, 17, 23, 17, 18, 22, 11, 17, 15, 17, 16, 11, 16, 20, 12, 23, 21, 20, 14, 13, 17, 17, 12, 16, 17, 22, 23, 19, 22, 21, 18, 15, 13, 17, 17, 15, 7, 9, 10, 6
15, 11, 13, 9, 14, 14, 24, 24, 32, 19, 20, 20, 27, 23, 26, 30, 31, 34, 21, 21, 22, 21, 17, 29, 29, 19, 16, 21, 18, 31, 21, 22, 21, 22, 22, 24, 24, 12, 17, 17, 14, 22, 30, 22, 14, 19, 25, 26, 20, 22, 21, 21, 16, 15, 20, 18, 30, 20, 16, 18, 21, 24, 17, 18, 12, 20, 24, 25, 21, 20, 20, 20, 18, 20, 19, 19, 19, 18, 26, 23, 24, 26, 30, 26, 20, 20, 11, 14, 15, 11, 11, 11, 6, 4
16, 8, 7, 15, 10, 10, 17, 17, 20, 13, 14, 18, 20, 24, 23, 27, 24, 34, 30, 26, 29, 18, 30, 26, 31, 20, 25, 27, 31, 23, 28, 18, 41, 30, 27, 23, 24, 19, 18, 19, 18, 30, 21, 20, 21, 25, 26, 29, 29, 22, 14, 17, 27, 22, 23, 15, 27, 24, 24, 22, 29, 20, 24, 24, 23, 23, 34, 31, 25, 26, 23, 19, 20, 17, 17, 21, 20, 23, 21, 26, 21, 20, 21, 16, 15, 9, 9, 15, 14, 10, 10, 6, 8, 6
26, 6, 9, 13, 13, 15, 18, 18, 16, 25, 13, 16, 10, 18, 16, 29, 18, 24, 21, 17, 26, 22, 25, 32, 26, 28, 25, 28, 29, 31, 16, 24, 31, 28, 30, 28, 23, 12, 23, 19, 31, 18, 16, 15, 17, 26, 29, 22, 30, 21, 15, 18, 15, 28, 24, 18, 32, 36, 29, 30, 31, 28, 38, 30, 23, 32, 26, 27, 18, 21, 20, 19, 17, 15, 13, 20, 18, 22, 17, 25, 20, 21, 17, 19, 18, 22, 20, 22, 16, 15, 11, 8, 7, 6
26, 10, 8, 9, 6, 11, 18, 15, 18, 17, 20, 12, 18, 22, 16, 16, 14, 19, 21, 20, 21, 21, 25, 21, 22, 24, 25, 23, 22, 24, 25, 28, 33, 23, 22, 23, 30, 21, 19, 33, 16, 18, 11, 12, 21, 19, 23, 23, 23, 24, 19, 20, 19, 36, 36, 33, 27, 35, 25, 20, 22, 17, 22, 17, 16, 20, 23, 22, 18, 16, 16, 13, 15, 16, 17, 22, 17, 28, 24, 20, 27, 19, 21, 22, 22, 30, 21, 18, 13, 11, 7, 9, 10, 10
26, 7, 9, 10, 15, 18, 18, 13, 17, 12, 22, 11, 14, 23, 22, 17, 20, 20, 18, 17, 19, 11, 22, 21, 23, 22, 22, 17, 22, 19, 20, 28, 24, 27, 24, 25, 15, 25, 23, 29, 20, 12, 11, 18, 19, 15, 16, 21, 21, 27, 20, 25, 28, 25, 22, 26, 22, 25, 27, 18, 17, 15, 21, 20, 16, 23, 26, 21, 17, 16, 18, 19, 22, 25, 23, 24, 24, 22, 18, 21, 24, 19, 35, 23, 23, 11, 20, 16, 16, 21, 17, 14, 7, 7
35, 13, 11, 11, 15, 22, 22, 15, 16, 22, 17, 13, 16, 18, 17, 17, 18, 17, 23, 23, 14, 16, 26, 23, 27, 25, 18, 21, 15, 11, 17, 24, 20, 19, 28, 30, 16, 15, 26, 12, 20, 19, 19, 22, 20, 13, 16, 18, 23, 22, 19, 27, 23, 15, 27, 26, 26, 18, 28, 20, 10, 20, 21, 20, 21, 19, 26, 29, 20, 31, 23, 20, 19, 16, 15, 18, 23, 22, 19, 23, 24, 32, 33, 31, 29, 20, 18, 14, 16, 19, 14, 13, 11, 8
32, 17, 7, 9, 18, 23, 24, 16, 20, 24, 17, 14, 14, 18, 14, 15, 24, 20, 19, 22, 12, 17, 15, 18, 21, 20, 15, 22, 18, 18, 21, 30, 23, 14, 18, 26, 20, 18, 20, 12, 15, 15, 24, 20, 25, 7, 11, 14, 19, 23, 22, 25, 16, 20, 27, 18, 22, 26, 25, 18, 20, 18, 30, 18, 18, 17, 30, 36, 39, 35, 23, 18, 28, 21, 20, 26, 23, 27, 24, 25, 22, 24, 17, 30, 16, 15, 9, 10, 14, 14, 17, 14, 8, 7
38, 21, 21, 16, 18, 20, 16, 13, 8, 16, 23, 16, 21, 21, 14, 21, 25, 23, 27, 17, 21, 14, 14, 18, 16, 14, 14, 16, 21, 22, 24, 28, 22, 18, 18, 26, 14, 22, 23, 14, 18, 23, 24, 16, 9, 12, 12, 15, 20, 20, 26, 24, 17, 21, 15, 24, 23, 23, 29, 25, 19, 20, 21, 18, 34, 32, 33, 31, 35, 39, 19, 19, 23, 20, 17, 30, 29, 26, 28, 25, 23, 27, 22, 20, 14, 8, 11, 12, 14, 11, 16, 10, 8, 12
39, 18, 17, 16, 15, 21, 16, 20, 23, 24, 30, 26, 27, 29, 22, 25, 18, 17, 26, 20, 23, 15, 17, 16, 19, 14, 11, 13, 13, 14, 26, 26, 21, 21, 25, 19, 26, 13, 16, 20, 17, 21, 20, 12, 14, 16, 12, 17, 17, 19, 25, 23, 23, 16, 14, 29, 17, 28, 28, 36, 24, 28, 27, 29, 31, 29, 25, 20, 33, 26, 19, 19, 22, 20, 22, 23, 29, 26, 23, 24, 22, 18, 17, 15, 17, 19, 15, 15, 16, 16, 14, 10, 10, 10
27, 14, 15, 16, 15, 17, 8, 8, 14, 19, 19, 18, 18, 26, 28, 27, 39, 29, 32, 25, 19, 21, 23, 14, 20, 13, 17, 12, 12, 14, 12, 15, 23, 29, 28, 31, 17, 13, 16, 17, 17, 18, 19, 18, 15, 13, 12, 14, 11, 23, 17, 28, 11, 15, 20, 17, 23, 25, 31, 29, 28, 18, 26, 24, 27, 32, 18, 20, 26, 20, 17, 16, 20, 29, 28, 23, 25, 23, 16, 11, 18, 12, 12, 16, 7, 13, 20, 14, 18, 17, 20, 15, 15, 20
38, 12, 13, 13, 12, 12, 12, 9, 15, 21, 15, 15, 20, 23, 20, 22, 25, 22, 27, 18, 22, 28, 17, 19, 26, 20, 19, 22, 18, 14, 19, 20, 14, 30, 26, 29, 22, 21, 13, 15, 15, 14, 10, 14, 15, 18, 13, 11, 15, 24, 20, 21, 21, 17, 14, 21, 29, 30, 31, 32, 30, 21, 20, 20, 31, 25, 21, 30, 26, 17, 17, 17, 23, 29, 21, 26, 21, 17, 9, 17, 16, 13, 11, 14, 13, 15, 11, 16, 15, 18, 11, 8, 16, 14
44, 25, 16, 20, 19, 18, 18, 12, 12, 18, 13, 10, 18, 12, 20, 25, 25, 31, 31, 30, 27, 21, 22, 15, 18, 19, 18, 14, 18, 15, 20, 19, 19, 25, 23, 21, 20, 21, 20, 14, 15, 11, 15, 16, 18, 9, 13, 10, 17, 17, 21, 20, 23, 20, 26, 21, 32, 29, 24, 22, 27, 24, 18, 21, 32, 24, 24, 27, 34, 23, 18, 17, 24, 25, 22, 21, 26, 17, 12, 19, 18, 17, 11, 11, 12, 13, 13, 15, 17, 16, 8, 11, 17, 16
36, 27, 14, 17, 20, 15, 10, 13, 14, 23, 15, 22, 25, 26, 31, 24, 25, 27, 32, 21, 20, 19, 23, 21, 22, 19, 15, 14, 9, 13, 9, 13, 10, 14, 25, 12, 17, 19, 19, 21, 19, 13, 15, 12, 14, 18, 15, 15, 11, 18, 17, 19, 26, 22, 14, 21, 22, 26, 16, 24, 19, 16, 17, 23, 25, 25, 27, 39, 42, 27, 25, 23, 23, 30, 26, 28, 25, 20, 20, 16, 18, 9, 11, 15, 10, 14, 16, 13, 19, 11, 10, 16, 22, 16
26, 18, 16, 15, 21, 19, 23, 23, 23, 20, 26, 30, 27, 26, 22, 15, 18, 18, 23, 18, 19, 24, 21, 24, 25, 21, 17, 8, 12, 14, 17, 19, 12, 20, 18, 9, 18, 19, 21, 21, 15, 10, 7, 11, 11, 16, 13, 11, 19, 16, 17, 22, 22, 20, 14, 18, 16, 18, 23, 20, 22, 20, 19, 25, 28, 35, 29, 36, 32, 23, 27, 21, 31, 36, 26, 26, 28, 16, 22, 25, 22, 13, 18, 17, 18, 17, 23, 18, 21, 11, 20, 20, 15, 14
44, 25, 30, 24, 23, 25, 19, 15, 13, 14, 15, 23, 17, 27, 22, 17, 18, 10, 25, 20, 17, 12, 11, 20, 28, 24, 21, 16, 17, 13, 12, 13, 19, 16, 16, 6, 11, 18, 21, 19, 10, 13, 10, 10, 11, 8, 10, 16, 13, 11, 23, 13, 12, 20, 17, 17, 14, 19, 24, 23, 18, 32, 22, 32, 26, 25, 28, 31, 16, 14, 15, 25, 35, 31, 31, 25, 39, 28, 37, 36, 27, 28, 19, 23, 19, 18, 20, 20, 17, 15, 19, 22, 14, 14
38, 23, 28, 16, 20, 16, 20, 13, 17, 18, 17, 17, 12, 20, 26, 18, 16, 12, 16, 25, 15, 14, 17, 11, 18, 19, 21, 18, 17, 19, 12, 16, 17, 13, 17, 9, 11, 12, 20, 17, 14, 7, 12, 10, 5, 12, 11, 11, 13, 16, 17, 8, 11, 20, 11, 18, 14, 12, 18, 26, 23, 21, 19, 33, 31, 21, 21, 27, 21, 25, 21, 28, 33, 33, 40, 32, 27, 23, 28, 27, 20, 19, 29, 25, 22, 25, 19, 28, 18, 19, 24, 16, 23, 24
32, 13, 18, 21, 17, 22, 18, 24, 16, 20, 20, 23, 17, 18, 30, 16, 17, 14, 16, 23, 14, 13, 10, 11, 18, 19, 14, 17, 17, 13, 16, 15, 18, 19, 12, 10, 11, 10, 13, 12, 11, 14, 6, 6, 10, 10, 11, 7, 11, 15, 16, 8, 14, 7, 17, 19, 15, 13, 28, 27, 24, 16, 21, 32, 32, 31, 29, 28, 27, 24, 26, 28, 24, 33, 27, 23, 32, 25, 22, 27, 17, 19, 21, 19, 17, 23, 26, 28, 20, 22, 20, 20, 25, 28
18, 8, 16, 22, 11, 15, 22, 19, 14, 25, 30, 18, 21, 23, 22, 26, 19, 17, 17, 25, 21, 12, 10, 15, 21, 27, 13, 11, 12, 11, 10, 16, 18, 20, 12, 15, 14, 8, 6, 11, 11, 12, 5, 6, 8, 1, 8, 11, 10, 10, 16, 8, 15, 9, 15, 15, 24, 18, 26, 27, 23, 18, 22, 39, 30, 23, 22, 29, 21, 27, 30, 19, 19, 28, 24, 21, 22, 24, 33, 20, 12, 27, 20, 21, 20, 13, 19, 18, 18, 19, 22, 17, 27, 25
29, 16, 15, 21, 22, 17, 13, 19, 12, 15, 20, 20, 16, 21, 17, 19, 22, 26, 29, 30, 30, 28, 17, 23, 22, 23, 19, 10, 18, 13, 9, 10, 13, 26, 20, 12, 12, 10, 4, 9, 9, 8, 7, 7, 6, 4, 7, 11, 8, 10, 17, 7, 10, 8, 15, 22, 21, 26, 22, 24, 20, 17, 21, 34, 27, 26, 33, 22, 19, 33, 29, 20, 13, 24, 19, 22, 29, 35, 28, 24, 25, 22, 20, 24, 23, 16, 13, 11, 14, 16, 13, 21, 8, 16
22, 18, 10, 19, 22, 18, 20, 18, 19, 13, 21, 16, 18, 22, 32, 26, 31, 32, 21, 25, 17, 23, 14, 16, 22, 21, 17, 11, 17, 12, 12, 11, 15, 13, 14, 12, 12, 7, 7, 6, 12, 9, 7, 4, 4, 7, 8, 14, 11, 9, 12, 6, 13, 14, 10, 18, 17, 23, 19, 19, 18, 16, 21, 24, 22, 21, 28, 22, 30, 41, 31, 26, 30, 26, 27, 21, 25, 24, 18, 20, 17, 22, 21, 20, 24, 20, 20, 24, 19, 19, 14, 13, 10, 8
16, 12, 14, 11, 28, 18, 22, 22, 22, 26, 16, 13, 18, 24, 24, 29, 29, 21, 23, 28, 21, 25, 21, 9, 17, 24, 20, 16, 11, 8, 13, 20, 13, 11, 10, 6, 6, 0, 3, 9, 13, 7, 4, 8, 9, 4, 14, 13, 16, 13, 8, 11, 11, 11, 17, 13, 15, 18, 17, 27, 15, 20, 24, 25, 23, 31, 32, 26, 33, 27, 21, 16, 26, 20, 21, 28, 19, 28, 26, 22, 26, 13, 17, 24, 26, 28, 17, 24, 24, 23, 19, 12, 14, 12
34, 14, 16, 18, 25, 23, 22, 21, 25, 20, 21, 22, 22, 25, 22, 19, 15, 22, 20, 29, 18, 12, 16, 18, 19, 20, 20, 16, 14, 13, 11, 11, 10, 12, 4, 4, 8, 2, 3, 10, 8, 10, 7, 7, 8, 7, 10, 12, 15, 15, 16, 15, 15, 16, 15, 14, 11, 21, 18, 23, 21, 22, 29, 24, 22, 19, 36, 27, 27, 21, 24, 18, 25, 23, 24, 22, 17, 23, 15, 23, 21, 29, 24, 16, 20, 33, 36, 31, 23, 15, 14, 18, 19, 16
34, 14, 13, 17, 21, 30, 23, 21, 23, 25, 28, 24, 22, 15, 18, 17, 12, 24, 16, 23, 22, 15, 20, 18, 13, 20, 19, 18, 22, 14, 6, 10, 8, 7, 4, 5, 8, 5, 4, 8, 7, 12, 7, 6, 3, 11, 8, 13, 7, 11, 16, 13, 18, 17, 9, 16, 15, 21, 20, 25, 24, 18, 22, 21, 17, 19, 33, 24, 26, 22, 20, 25, 18, 23, 21, 16, 20, 25, 20, 20, 22, 18, 20, 17, 13, 24, 29, 28, 28, 29, 26, 22, 24, 20
28, 14, 7, 10, 13, 28, 19, 20, 26, 19, 27, 18, 18, 18, 20, 17, 18, 16, 16, 19, 22, 22, 13, 14, 11, 12, 17, 16, 17, 20, 17, 12, 8, 8, 6, 4, 8, 6, 5, 6, 9, 14, 9, 4, 5, 13, 8, 14, 20, 14, 19, 20, 14, 8, 10, 16, 13, 18, 19, 20, 24, 19, 13, 16, 21, 25, 29, 25, 17, 22, 25, 24, 21, 26, 22, 23, 18, 21, 19, 23, 17, 16, 9, 25, 22, 29, 19, 17, 20, 21, 20, 26, 19, 16
20, 14, 7, 14, 19, 25, 28, 22, 25, 26, 15, 19, 11, 16, 8, 15, 19, 15, 23, 16, 16, 17, 22, 22, 17, 14, 14, 19, 14, 14, 14, 11, 7, 9, 6, 7, 9, 8, 7, 7, 10, 17, 11, 11, 7, 14, 12, 16, 22, 16, 22, 17, 12, 11, 11, 10, 8, 13, 16, 23, 19, 20, 22, 11, 24, 26, 22, 18, 22, 18, 29, 26, 19, 26, 19, 17, 24, 20, 28, 26, 21, 18, 26, 28, 27, 22, 16, 17, 18, 19, 22, 18, 15, 17
24, 14, 23, 13, 22, 20, 26, 25, 17, 23, 15, 15, 8, 9, 19, 15, 21, 19, 21, 21, 20, 15, 18, 17, 26, 25, 19, 12, 11, 9, 16, 11, 10, 9, 8, 13, 8, 8, 7, 14, 15, 12, 16, 12, 17, 17, 13, 19, 29, 15, 9, 15, 8, 11, 11, 8, 11, 11, 19, 17, 18, 28, 18, 18, 25, 29, 24, 22, 21, 18, 21, 21, 18, 25, 12, 17, 22, 22, 18, 20, 18, 21, 21, 21, 22, 16, 15, 14, 16, 18, 12, 12, 15, 18
27, 18, 20, 20, 16, 15, 22, 28, 15, 13, 18, 20, 25, 28, 19, 18, 11, 14, 16, 15, 17, 24, 18, 16, 8, 13, 12, 19, 13, 10, 14, 18, 15, 14, 12, 12, 13, 15, 12, 8, 12, 12, 14, 14, 18, 16, 25, 28, 32, 9, 15, 14, 13, 14, 13, 18, 8, 21, 23, 17, 23, 17, 17, 19, 26, 27, 21, 23, 18, 23, 21, 21, 26, 20, 19, 17, 20, 17, 23, 19, 25, 24, 17, 20, 20, 13, 21, 21, 21, 14, 12, 16, 20, 30
38, 22, 20, 19, 33, 28, 25, 15, 17, 17, 23, 25, 22, 16, 17, 12, 14, 6, 14, 19, 15, 15, 14, 17, 24, 14, 12, 9, 10, 11, 13, 11, 11, 7, 13, 10, 12, 12, 11, 18, 15, 9, 18, 17, 21, 23, 23, 30, 23, 17, 21, 15, 22, 19, 20, 17, 23, 28, 15, 12, 19, 8, 24, 26, 19, 23, 23, 13, 22, 18, 26, 22, 19, 17, 21, 17, 31, 20, 22, 24, 31, 29, 22, 24, 16, 16, 26, 23, 14, 12, 15, 16, 22, 25
52, 24, 20, 25, 17, 25, 16, 20, 24, 15, 16, 16, 17, 8, 8, 16, 16, 13, 11, 14, 23, 12, 12, 9, 13, 16, 14, 16, 11, 15, 8, 9, 10, 15, 11, 13, 13, 10, 8, 18, 18, 16, 20, 35, 19, 26, 28, 25, 21, 19, 20, 24, 19, 24, 23, 25, 22, 14, 15, 17, 15, 12, 22, 21, 20, 24, 16, 18, 17, 20, 19, 31, 24, 21, 20, 10, 20, 31, 31, 32, 27, 23, 23, 20, 22, 24, 27, 29, 19, 24, 24, 24, 18, 21
59, 25, 22, 16, 14, 22, 25, 23, 17, 15, 8, 17, 15, 13, 11, 14, 11, 17, 13, 11, 15, 22, 16, 9, 9, 10, 8, 6, 7, 11, 11, 10, 11, 10, 17, 19, 16, 16, 14, 15, 25, 17, 22, 27, 25, 31, 30, 30, 31, 24, 20, 21, 23, 25, 28, 21, 15, 19, 11, 9, 15, 19, 15, 12, 15, 27, 14, 14, 16, 15, 19, 28, 13, 19, 18, 18, 17, 31, 23, 22, 27, 23, 21, 18, 23, 20, 26, 23, 23, 22, 21, 19, 19, 25
39, 25, 26, 23, 23, 11, 16, 22, 9, 12, 9, 8, 21, 21, 20, 12, 14, 12, 9, 16, 12, 15, 15, 14, 10, 6, 9, 6, 5, 4, 2, 4, 7, 12, 15, 16, 23, 20, 28, 31, 24, 29, 24, 33, 37, 34, 33, 23, 27, 18, 25, 33, 26, 30, 18, 13, 17, 17, 16, 7, 10, 13, 15, 16, 17, 20, 19, 18, 16, 13, 17, 16, 18, 10, 22, 20, 31, 27, 21, 18, 23, 24, 30, 18, 22, 23, 25, 30, 16, 26, 17, 17, 20, 19
46, 24, 21, 13, 20, 14, 15, 14, 21, 14, 15, 12, 13, 14, 9, 13, 12, 14, 19, 13, 17, 11, 11, 14, 9, 7, 4, 7, 9, 6, 4, 2, 9, 9, 11, 14, 25, 20, 25, 39, 31, 27, 29, 30, 44, 45, 19, 31, 30, 31, 25, 29, 28, 33, 28, 25, 22, 20, 15, 16, 14, 17, 22, 15, 16, 17, 20, 19, 23, 21, 27, 16, 15, 15, 17, 28, 25, 19, 21, 26, 21, 22, 23, 32, 32, 25, 20, 19, 23, 17, 19, 20, 27, 25
55, 21, 14, 17, 12, 18, 18, 23, 28, 21, 17, 16, 15, 15, 17, 15, 18, 14, 12, 13, 7, 6, 7, 14, 9, 9, 8, 6, 6, 4, 5, 3, 6, 8, 11, 16, 18, 24, 26, 29, 45, 41, 41, 36, 35, 32, 42, 30, 58, 33, 34, 23, 34, 22, 25, 26, 21, 14, 12, 10, 9, 17, 18, 14, 22, 13, 15, 14, 11, 14, 21, 26, 17, 22, 24, 24, 20, 24, 24, 19, 20, 24, 22, 14, 19, 25, 24, 19, 18, 13, 20, 16, 34, 21
38, 17, 12, 14, 14, 12, 21, 22, 25, 29, 31, 20, 23, 15, 6, 12, 14, 14, 13, 16, 22, 18, 13, 14, 13, 13, 7, 6, 8, 12, 12, 17, 12, 9, 11, 11, 21, 16, 30, 27, 29, 37, 43, 38, 31, 39, 43, 52, 47, 33, 29, 36, 37, 20, 21, 16, 17, 12, 14, 13, 11, 20, 10, 12, 15, 15, 14, 12, 9, 9, 12, 17, 28, 37, 27, 19, 22, 27, 18, 23, 23, 24, 17, 20, 16, 18, 19, 19, 21, 21, 17, 22, 18, 19
28, 13, 18, 18, 15, 15, 22, 23, 25, 26, 25, 31, 27, 18, 16, 9, 12, 11, 15, 16, 17, 18, 9, 7, 9, 6, 4, 6, 6, 11, 11, 12, 15, 24, 15, 20, 13, 12, 23, 19, 30, 40, 31, 42, 38, 40, 32, 52, 41, 37, 43, 39, 24, 19, 23, 12, 18, 14, 12, 13, 11, 9, 14, 9, 13, 12, 10, 14, 14, 13, 13, 20, 30, 21, 30, 26, 21, 32, 32, 17, 22, 18, 22, 22, 21, 15, 19, 12, 14, 21, 19, 18, 16, 19
28, 19, 18, 14, 14, 15, 15, 17, 25, 20, 22, 25, 25, 17, 16, 21, 17, 19, 15, 11, 19, 16, 12, 7, 5, 3, 8, 8, 8, 10, 16, 16, 14, 7, 14, 19, 16, 19, 14, 32, 22, 28, 36, 38, 47, 45, 36, 48, 33, 26, 36, 31, 25, 19, 18, 21, 25, 11, 12, 9, 9, 11, 14, 9, 13, 7, 12, 15, 13, 19, 22, 21, 19, 19, 23, 30, 29, 37, 30, 23, 18, 18, 21, 27, 15, 11, 11, 18, 22, 18, 12, 22, 19, 18
21, 19, 19, 21, 19, 19, 26, 26, 15, 22, 20, 19, 17, 29, 19, 17, 17, 16, 19, 22, 21, 15, 15, 8, 8, 9, 7, 12, 11, 10, 12, 9, 11, 19, 18, 18, 18, 34, 33, 28, 27, 29, 31, 48, 36, 44, 41, 49, 37, 33, 21, 33, 31, 21, 15, 13, 14, 16, 11, 8, 12, 11, 14, 10, 15, 13, 20, 18, 21, 23, 21, 17, 25, 22, 20, 28, 28, 36, 22, 29, 26, 23, 33, 20, 17, 16, 14, 12, 13, 23, 22, 12, 16, 18
20, 14, 13, 22, 27, 25, 22, 19, 18, 16, 18, 20, 26, 19, 19, 15, 13, 19, 23, 21, 15, 14, 13, 13, 13, 10, 14, 4, 7, 9, 7, 10, 19, 13, 15, 20, 24, 37, 29, 33, 28, 39, 30, 34, 34, 39, 45, 38, 37, 31, 24, 18, 16, 14, 17, 12, 12, 12, 5, 8, 17, 10, 11, 13, 13, 13, 10, 15, 19, 17, 20, 17, 11, 20, 24, 16, 19, 35, 19, 27, 29, 31, 22, 15, 17, 19, 27, 18, 18, 16, 12, 19, 19, 18
25, 11, 18, 17, 28, 25, 15, 14, 11, 22, 24, 25, 20, 17, 23, 22, 14, 17, 16, 19, 15, 15, 13, 13, 10, 11, 9, 9, 7, 11, 13, 22, 14, 15, 22, 23, 30, 26, 30, 22, 35, 28, 29, 33, 43, 44, 38, 50, 33, 26, 18, 16, 26, 20, 15, 15, 15, 11, 11, 7, 13, 15, 14, 15, 19, 13, 11, 20, 26, 24, 18, 20, 18, 23, 14, 16, 15, 20, 29, 28, 22, 29, 25, 18, 24, 20, 19, 20, 17, 9, 19, 17, 14, 12
37, 13, 20, 23, 19, 21, 23, 17, 17, 20, 31, 20, 22, 20, 17, 21, 19, 21, 13, 16, 12, 14, 8, 4, 11, 10, 9, 11, 18, 14, 16, 13, 20, 18, 23, 22, 23, 17, 20, 20, 22, 27, 27, 23, 35, 30, 45, 48, 30, 26, 28, 15, 18, 19, 15, 19, 12, 11, 8, 7, 9, 10, 7, 14, 16, 11, 13, 13, 21, 21, 14, 13, 16, 22, 17, 13, 19, 24, 20, 33, 18, 16, 23, 30, 26, 21, 17, 20, 18, 26, 27, 13, 10, 19
34, 16, 24, 12, 17, 19, 16, 15, 16, 27, 30, 18, 17, 19, 23, 19, 20, 15, 8, 18, 12, 10, 16, 12, 7, 11, 13, 10, 16, 22, 13, 9, 23, 24, 20, 13, 26, 24, 23, 18, 15, 12, 18, 30, 32, 30, 35, 41, 35, 28, 24, 15, 15, 18, 15, 12, 11, 16, 8, 7, 8, 3, 6, 15, 6, 13, 13, 23, 14, 16, 17, 22, 17, 21, 20, 21, 23, 23, 19, 18, 27, 18, 20, 22, 24, 25, 24, 22, 22, 27, 16, 15, 20, 22
39, 25, 17, 17, 15, 14, 16, 17, 23, 28, 22, 20, 22, 16, 25, 18, 14, 11, 10, 13, 13, 11, 13, 11, 13, 15, 14, 14, 4, 5, 12, 13, 13, 22, 29, 29, 24, 18, 14, 23, 21, 17, 24, 18, 30, 21, 33, 37, 24, 21, 21, 24, 14, 18, 17, 10, 10, 8, 8, 12, 9, 9, 10, 16, 12, 14, 13, 14, 14, 14, 20, 21, 20, 14, 15, 19, 28, 25, 21, 13, 23, 27, 24, 13, 18, 22, 25, 23, 28, 23, 20, 17, 13, 20
41, 23, 15, 23, 17, 16, 16, 20, 31, 34, 19, 10, 21, 22, 14, 10, 12, 9, 15, 15, 12, 13, 11, 11, 9, 15, 10, 14, 8, 9, 9, 15, 18, 18, 30, 26, 23, 15, 23, 17, 10, 19, 22, 18, 20, 22, 25, 33, 22, 22, 19, 16, 21, 30, 20, 13, 13, 16, 11, 10, 15, 14, 12, 16, 16, 16, 18, 12, 14, 17, 17, 21, 26, 23, 22, 24, 25, 25, 19, 25, 27, 23, 24, 28, 24, 18, 18, 18, 19, 13, 19, 25, 26, 19
39, 17, 19, 18, 20, 24, 20, 28, 42, 21, 28, 27, 30, 21, 11, 16, 14, 15, 14, 9, 12, 8, 12, 12, 21, 17, 15, 7, 10, 7, 13, 20, 20, 25, 20, 20, 16, 20, 13, 17, 18, 20, 24, 15, 19, 18, 17, 23, 28, 27, 16, 10, 11, 22, 20, 12, 16, 11, 10, 11, 12, 13, 12, 9, 13, 12, 18, 19, 18, 13, 14, 21, 19, 17, 17, 16, 18, 26, 34, 36, 17, 18, 13, 12, 13, 8, 14, 15, 22, 20, 33, 25, 16, 15
38, 18, 17, 13, 15, 14, 21, 39, 23, 22, 24, 26, 21, 24, 17, 13, 13, 16, 12, 13, 14, 12, 11, 22, 26, 19, 11, 10, 13, 11, 9, 6, 11, 14, 14, 14, 12, 13, 15, 18, 25, 19, 21, 15, 17, 20, 20, 21, 21, 24, 20, 15, 8, 12, 10, 12, 6, 7, 11, 11, 14, 12, 19, 17, 13, 15, 21, 21, 22, 14, 20, 18, 18, 20, 19, 19, 22, 29, 34, 28, 23, 18, 19, 14, 13, 17, 15, 17, 17, 21, 12, 23, 25, 15
43, 19, 15, 18, 20, 18, 33, 36, 24, 29, 22, 18, 17, 14, 13, 8, 18, 15, 10, 15, 12, 14, 17, 28, 18, 8, 13, 13, 6, 7, 5, 7, 10, 7, 10, 10, 12, 6, 13, 14, 26, 21, 19, 14, 11, 17, 15, 23, 15, 26, 20, 18, 13, 16, 12, 16, 11, 13, 9, 12, 7, 19, 18, 19, 16, 10, 13, 17, 25, 16, 12, 12, 15, 15, 16, 28, 26, 29, 35, 19, 22, 16, 19, 11, 12, 17, 21, 16, 16, 15, 13, 12, 16, 26
39, 21, 17, 21, 19, 27, 36, 30, 29, 29, 21, 22, 14, 19, 14, 15, 21, 16, 15, 16, 13, 16, 18, 17, 10, 12, 17, 13, 4, 9, 5, 8, 2, 6, 14, 7, 12, 10, 14, 19, 20, 16, 12, 9, 11, 19, 19, 24, 20, 18, 23, 19, 18, 17, 18, 18, 13, 14, 9, 9, 8, 13, 7, 14, 17, 17, 10, 9, 17, 17, 10, 14, 17, 17, 27, 24, 34, 27, 19, 19, 14, 17, 25, 21, 18, 18, 22, 18, 15, 17, 14, 17, 21, 21
40, 27, 16, 19, 18, 33, 28, 30, 27, 16, 15, 16, 19, 17, 17, 23, 25, 19, 13, 18, 16, 25, 17, 18, 16, 16, 16, 13, 14, 2, 5, 6, 3, 3, 9, 12, 9, 21, 28, 22, 13, 11, 11, 14, 9, 18, 20, 20, 16, 12, 13, 26, 18, 18, 16, 14, 16, 14, 8, 12, 10, 19, 11, 15, 13, 16, 14, 14, 14, 17, 19, 15, 18, 28, 21, 20, 22, 27, 31, 13, 22, 23, 29, 27, 21, 20, 19, 20, 19, 16, 19, 17, 14, 14
18, 16, 22, 20, 33, 26, 32, 29, 20, 19, 15, 12, 9, 13, 18, 24, 15, 15, 11, 14, 20, 17, 18, 20, 18, 12, 15, 12, 15, 11, 8, 5, 7, 8, 7, 9, 15, 23, 27, 19, 15, 17, 12, 10, 8, 13, 22, 16, 8, 8, 15, 16, 20, 15, 13, 16, 12, 12, 16, 13, 17, 19, 22, 15, 19, 15, 12, 14, 11, 19, 22, 30, 28, 24, 31, 17, 25, 23, 21, 29, 20, 19, 17, 27, 21, 18, 24, 20, 19, 24, 15, 17, 18, 16
32, 12, 24, 27, 39, 32, 28, 14, 17, 11, 18, 13, 12, 11, 18, 18, 17, 17, 17, 14, 27, 17, 12, 15, 20, 21, 13, 16, 8, 11, 10, 6, 10, 11, 9, 11, 20, 23, 12, 8, 8, 11, 6, 9, 8, 15, 19, 14, 9, 8, 8, 14, 20, 22, 17, 11, 16, 9, 10, 12, 14, 15, 22, 14, 20, 28, 25, 17, 19, 22, 32, 24, 27, 22, 23, 22, 23, 20, 22, 21, 28, 23, 26, 24, 34, 19, 21, 19, 20, 15, 17, 21, 14, 20
28, 16, 16, 33, 26, 34, 17, 16, 18, 15, 11, 13, 14, 13, 16, 26, 11, 11, 23, 22, 19, 16, 13, 15, 18, 10, 9, 13, 5, 11, 11, 7, 14, 10, 9, 14, 18, 12, 7, 8, 10, 10, 10, 6, 12, 11, 19, 15, 8, 9, 11, 15, 13, 19, 14, 15, 10, 12, 18, 16, 13, 15, 18, 27, 18, 21, 31, 22, 16, 26, 29, 33, 27, 24, 38, 27, 25, 21, 16, 27, 28, 33, 28, 28, 21, 24, 12, 8, 16, 14, 15, 10, 12, 14
37, 20, 40, 36, 28, 25, 27, 26, 16, 12, 21, 12, 12, 25, 16, 13, 11, 16, 22, 24, 18, 10, 13, 14, 16, 13, 13, 16, 14, 11, 8, 13, 9, 11, 15, 21, 17, 14, 13, 11, 8, 13, 11, 11, 12, 12, 17, 12, 7, 6, 10, 9, 15, 15, 23, 19, 14, 23, 19, 19, 17, 16, 12, 17, 15, 18, 28, 26, 33, 27, 32, 35, 29, 32, 37, 39, 33, 24, 23, 18, 19, 22, 27, 20, 20, 17, 20, 15, 6, 5, 11, 13, 13, 12
37, 28, 39, 17, 29, 29, 23, 20, 29, 22, 15, 16, 21, 19, 23, 24, 22, 22, 23, 21, 11, 10, 14, 14, 14, 12, 17, 14, 12, 12, 21, 11, 15, 16, 26, 16, 9, 9, 9, 8, 9, 8, 14, 6, 10, 14, 18, 11, 5, 8, 7, 8, 7, 16, 19, 20, 15, 18, 16, 16, 13, 9, 15, 18, 23, 26, 34, 25, 30, 29, 26, 27, 27, 31, 25, 29, 23, 17, 16, 17, 28, 20, 26, 34, 24, 25, 19, 12, 16, 11, 7, 6, 6, 13
50, 37, 22, 16, 17, 12, 14, 15, 13, 22, 24, 23, 26, 25, 34, 27, 29, 24, 33, 24, 16, 14, 15, 18, 17, 16, 18, 15, 15, 12, 22, 19, 16, 19, 25, 13, 9, 10, 8, 5, 10, 11, 13, 9, 10, 19, 20, 10, 12, 8, 14, 13, 15, 16, 16, 24, 21, 16, 22, 23, 18, 15, 10, 23, 30, 30, 31, 18, 23, 10, 15, 19, 27, 16, 23, 23, 24, 24, 17, 22, 23, 19, 20, 24, 21, 18, 21, 14, 11, 15, 16, 14, 16, 16
49, 25, 15, 17, 18, 15, 14, 17, 14, 19, 15, 21, 19, 20, 29, 29, 26, 28, 29, 17, 15, 20, 20, 19, 24, 28, 25, 17, 18, 16, 21, 13, 17, 25, 16, 12, 13, 7, 7, 7, 9, 16, 7, 6, 8, 24, 22, 14, 7, 15, 9, 9, 20, 12, 13, 19, 18, 24, 28, 26, 22, 25, 24, 25, 28, 20, 22, 16, 15, 23, 16, 14, 17, 22, 17, 13, 19, 21, 19, 14, 17, 20, 17, 21, 24, 23, 15, 15, 20, 18, 19, 12, 7, 10
57, 23, 21, 19, 15, 16, 10, 17, 8, 12, 14, 19, 23, 26, 28, 33, 21, 26, 25, 17, 19, 22, 22, 18, 18, 22, 24, 19, 15, 12, 18, 19, 21, 16, 13, 11, 10, 10, 10, 12, 9, 17, 8, 6, 13, 21, 31, 15, 11, 13, 14, 16, 14, 17, 15, 18, 20, 27, 32, 24, 31, 33, 23, 24, 26, 26, 21, 18, 18, 18, 14, 12, 21, 18, 20, 17, 23, 28, 15, 17, 14, 13, 12, 14, 15, 19, 27, 17, 15, 12, 11, 21, 15, 13
44, 12, 15, 19, 12, 17, 11, 13, 15, 14, 14, 14, 14, 24, 31, 28, 36, 28, 19, 25, 20, 16, 16, 16, 15, 22, 31, 13, 12, 20, 22, 23, 17, 10, 5, 14, 9, 12, 11, 10, 10, 11, 11, 12, 12, 23, 22, 13, 15, 15, 12, 15, 16, 18, 16, 14, 25, 22, 29, 30, 32, 24, 20, 17, 15, 23, 25, 28, 17, 14, 15, 16, 24, 20, 21, 29, 29, 29, 15, 14, 17, 14, 12, 14, 12, 21, 18, 20, 15, 14, 14, 15, 18, 10
40, 13, 13, 16, 12, 11, 16, 19, 15, 15, 18, 20, 16, 20, 23, 30, 23, 25, 23, 15, 19, 13, 16, 15, 16, 18, 23, 12, 17, 17, 20, 18, 16, 8, 9, 9, 17, 12, 12, 13, 10, 13, 19, 17, 14, 25, 27, 16, 20, 19, 13, 12, 14, 17, 14, 19, 18, 25, 28, 29, 31, 21, 21, 15, 21, 19, 24, 20, 17, 21, 15, 24, 25, 35, 29, 30, 25, 31, 25, 20, 13, 15, 15, 18, 12, 15, 15, 17, 22, 11, 14, 17, 18, 24
48, 14, 15, 25, 16, 13, 17, 19, 22, 16, 17, 17, 16, 27, 19, 23, 26, 19, 13, 13, 16, 14, 14, 10, 12, 21, 21, 14, 18, 15, 18, 16, 14, 11, 7, 13, 17, 18, 10, 18, 15, 24, 15, 18, 15, 21, 21, 23, 12, 15, 17, 16, 13, 17, 20, 22, 22, 29, 24, 26, 24, 22, 18, 17, 19, 26, 31, 26, 25, 23, 23, 21, 27, 27, 27, 20, 15, 30, 18, 21, 17, 17, 21, 25, 21, 27, 25, 26, 28, 29, 17, 20, 21, 16
52, 19, 21, 23, 19, 17, 14, 18, 21, 22, 17, 19, 17, 25, 19, 14, 23, 20, 12, 12, 11, 17, 20, 12, 18, 23, 18, 15, 11, 16, 21, 16, 11, 10, 13, 16, 19, 21, 16, 23, 23, 8, 15, 11, 20, 17, 13, 15, 17, 14, 23, 17, 25, 23, 21, 22, 21, 22, 20, 32, 23, 19, 19, 27, 12, 16, 18, 27, 20, 17, 19, 21, 21, 24, 23, 21, 21, 20, 27, 18, 21, 17, 22, 22, 24, 20, 18, 17, 22, 21, 32, 27, 17, 15
48, 17, 22, 25, 25, 21, 22, 24, 19, 17, 16, 15, 24, 32, 17, 17, 22, 22, 13, 11, 13, 17, 17, 9, 13, 19, 18, 18, 18, 15, 25, 25, 24, 20, 17, 8, 14, 19, 25, 21, 10, 8, 11, 13, 14, 22, 20, 13, 18, 18, 17, 22, 22, 30, 24, 22, 21, 19, 18, 21, 23, 15, 19, 22, 16, 17, 23, 33, 21, 27, 26, 29, 22, 23, 21, 18, 18, 25, 25, 16, 16, 11, 13, 14, 19, 16, 24, 25, 26, 15, 15, 16, 11, 10
33, 14, 11, 15, 12, 13, 15, 19, 17, 15, 18, 21, 27, 27, 22, 15, 30, 25, 19, 20, 16, 20, 21, 22, 26, 30, 27, 24, 20, 20, 23, 30, 23, 12, 7, 14, 16, 17, 27, 16, 12, 15, 10, 13, 12, 24, 22, 16, 16, 17, 28, 25, 28, 21, 27, 19, 25, 24, 21, 22, 26, 21, 17, 21, 22, 22, 18, 31, 18, 21, 24, 30, 21, 18, 27, 25, 19, 22, 20, 19, 13, 10, 8, 15, 17, 16, 15, 16, 18, 15, 15, 11, 9, 8
30, 13, 11, 20, 18, 17, 17, 22, 15, 12, 15, 15, 25, 18, 18, 18, 30, 25, 25, 22, 25, 27, 25, 23, 22, 26, 22, 20, 18, 19, 25, 24, 24, 14, 12, 18, 19, 23, 19, 15, 14, 17, 11, 9, 20, 24, 17, 15, 19, 23, 24, 26, 23, 25, 25, 21, 26, 24, 28, 29, 20, 23, 27, 23, 22, 22, 19, 29, 29, 24, 24, 34, 25, 21, 18, 17, 18, 19, 13, 23, 16, 11, 18, 20, 19, 18, 12, 15, 15, 15, 8, 11, 6, 10
21, 10, 7, 20, 18, 21, 17, 19, 13, 18, 16, 16, 26, 18, 24, 22, 24, 16, 12, 12, 20, 25, 23, 22, 16, 22, 15, 27, 19, 21, 25, 17, 27, 19, 16, 21, 19, 15, 9, 19, 15, 11, 14, 10, 22, 21, 15, 9, 20, 24, 26, 28, 27, 20, 17, 25, 30, 24, 30, 24, 20, 21, 22, 15, 17, 14, 18, 31, 33, 28, 29, 34, 29, 28, 28, 22, 33, 25, 23, 14, 18, 9, 18, 12, 16, 12, 11, 19, 18, 19, 17, 15, 11, 5
25, 11, 18, 22, 18, 18, 18, 12, 14, 15, 18, 23, 30, 21, 12, 9, 19, 18, 15, 26, 18, 23, 24, 20, 13, 30, 27, 23, 24, 26, 26, 22, 22, 22, 23, 16, 19, 11, 12, 16, 19, 13, 16, 12, 16, 10, 17, 17, 12, 14, 18, 24, 22, 27, 24, 27, 29, 30, 24, 20, 16, 16, 18, 16, 15, 14, 16, 24, 26, 25, 30, 28, 18, 17, 17, 15, 21, 23, 27, 24, 27, 16, 25, 16, 21, 21, 19, 19, 25, 20, 17, 9, 3, 9
25, 15, 16, 21, 25, 20, 22, 16, 14, 21, 20, 22, 23, 25, 15, 19, 18, 19, 21, 20, 18, 30, 22, 25, 28, 26, 21, 24, 20, 25, 19, 15, 29, 27, 20, 12, 19, 17, 19, 15, 21, 18, 15, 17, 11, 8, 13, 21, 15, 13, 22, 20, 17, 24, 28, 37, 29, 27, 18, 20, 15, 18, 19, 16, 20, 14, 11, 14, 16, 17, 24, 18, 24, 21, 19, 19, 23, 20, 26, 23, 18, 19, 18, 13, 17, 25, 22, 21, 24, 14, 13, 8, 14, 6
41, 20, 22, 22, 16, 22, 22, 21, 21, 17, 18, 26, 27, 16, 12, 19, 17, 21, 14, 16, 21, 27, 25, 23, 21, 24, 16, 27, 18, 19, 22, 26, 19, 26, 17, 9, 15, 17, 18, 23, 27, 20, 18, 21, 13, 16, 13, 16, 23, 23, 17, 13, 16, 28, 26, 34, 22, 30, 26, 17, 17, 17, 22, 17, 17, 16, 15, 14, 18, 22, 32, 20, 16, 21, 11, 12, 15, 16, 27, 14, 13, 21, 13, 15, 14, 17, 11, 16, 20, 16, 18, 14, 11, 12
38, 19, 25, 15, 16, 22, 24, 22, 15, 16, 18, 27, 17, 10, 14, 18, 10, 19, 15, 24, 27, 34, 20, 26, 20, 31, 26, 20, 28, 22, 26, 19, 26, 14, 17, 20, 10, 18, 20, 27, 29, 22, 17, 15, 14, 12, 22, 17, 26, 26, 19, 21, 18, 22, 33, 19, 33, 33, 24, 20, 17, 23, 22, 15, 16, 17, 13, 15, 23, 24, 28, 21, 13, 20, 18, 13, 12, 10, 24, 19, 14, 20, 11, 9, 12, 12, 13, 19, 16, 13, 19, 17, 10, 14
24, 23, 18, 36, 35, 30, 16, 13, 13, 13, 20, 25, 17, 15, 16, 16, 16, 21, 28, 23, 24, 23, 17, 25, 19, 22, 16, 22, 24, 21, 17, 23, 18, 18, 20, 22, 20, 21, 19, 16, 18, 32, 21, 13, 17, 17, 16, 27, 24, 23, 22, 15, 17, 28, 32, 30, 28, 31, 28, 25, 28, 17, 28, 19, 18, 16, 15, 16, 21, 22, 29, 16, 14, 15, 13, 12, 11, 11, 18, 25, 18, 23, 17, 9, 17, 18, 22, 13, 21, 15, 17, 13, 9, 6
28, 14, 15, 24, 23, 30, 24, 27, 22, 21, 33, 23, 18, 12, 19, 20, 21, 28, 28, 18, 21, 23, 28, 19, 20, 21, 23, 26, 25, 26, 30, 24, 27, 22, 25, 26, 21, 23, 17, 19, 17, 26, 28, 25, 20, 19, 23, 24, 24, 25, 23, 17, 25, 27, 26, 26, 29, 28, 27, 25, 26, 24, 34, 23, 26, 20, 23, 20, 29, 24, 25, 27, 26, 24, 25, 21, 15, 19, 26, 23, 20, 20, 22, 17, 14, 19, 25, 18, 15, 14, 11, 11, 9, 7
14, 14, 13, 17, 17, 20, 31, 20, 24, 27, 30, 21, 16, 13, 17, 22, 21, 22, 28, 18, 30, 21, 17, 24, 24, 25, 23, 22, 27, 31, 28, 18, 26, 24, 27, 34, 18, 21, 24, 12, 16, 15, 28, 32, 30, 27, 20, 24, 24, 27, 16, 13, 28, 27, 26, 24, 24, 28, 26, 26, 29, 27, 22, 21, 18, 16, 16, 23, 26, 27, 31, 24, 26, 25, 27, 22, 12, 13, 17, 28, 22, 32, 20, 25, 24, 21, 21, 20, 12, 13, 7, 9, 7, 7
19, 9, 9, 12, 16, 13, 20, 19, 21, 23, 19, 17, 17, 19, 18, 18, 10, 19, 21, 21, 25, 20, 25, 21, 23, 20, 25, 24, 29, 30, 38, 29, 26, 27, 17, 27, 23, 24, 18, 17, 26, 16, 20, 33, 23, 26, 24, 24, 23, 22, 23, 21, 35, 25, 18, 12, 18, 21, 17, 24, 31, 33, 32, 14, 13, 18, 14, 17, 38, 26, 22, 20, 14, 20, 21, 24, 23, 22, 27, 30, 23, 24, 23, 18, 16, 16, 15, 15, 12, 16, 11, 7, 6, 1
8, 1, 5, 5, 15, 8, 17, 15, 19, 17, 15, 17, 24, 17, 13, 16, 21, 27, 20, 23, 25, 21, 19, 27, 20, 14, 28, 23, 28, 25, 29, 12, 18, 17, 17, 23, 27, 18, 27, 23, 19, 19, 14, 24, 22, 23, 31, 17, 22, 23, 28, 30, 28, 22, 18, 16, 18, 13, 19, 22, 22, 38, 29, 26, 12, 10, 10, 17, 32, 23, 24, 15, 25, 24, 26, 22, 20, 19, 22, 32, 23, 21, 24, 26, 24, 24, 22, 19, 15, 13, 13, 11, 6, 5
13, 6, 7, 4, 16, 2, 13, 13, 20, 22, 27, 27, 20, 25, 27, 19, 15, 29, 17, 22, 25, 19, 24, 23, 20, 19, 21, 25, 32, 21, 20, 22, 18, 22, 13, 20, 24, 28, 22, 21, 12, 22, 16, 10, 18, 19, 25, 26, 29, 30, 28, 29, 28, 18, 12, 19, 19, 14, 14, 19, 25, 21, 28, 31, 24, 15, 14, 19, 19, 26, 21, 10, 19, 19, 28, 21, 20, 13, 17, 32, 25, 21, 17, 14, 15, 14, 11, 16, 14, 17, 10, 9, 8, 5
13, 6, 7, 10, 17, 11, 12, 23, 18, 26, 23, 17, 19, 23, 12, 12, 16, 19, 15, 16, 18, 21, 20, 16, 21, 26, 29, 15, 20, 20, 18, 17, 20, 20, 24, 18, 16, 25, 19, 14, 16, 21, 19, 12, 18, 23, 20, 29, 34, 30, 17, 34, 22, 16, 21, 19, 21, 14, 13, 21, 22, 20, 13, 26, 16, 16, 23, 18, 18, 27, 17, 11, 12, 17, 18, 19, 15, 20, 15, 25, 18, 12, 15, 13, 11, 13, 10, 8, 5, 9, 9, 8, 4, 7
16, 14, 13, 12, 21, 14, 11, 17, 18, 18, 18, 14, 20, 20, 11, 9, 6, 12, 15, 23, 19, 19, 26, 29, 25, 16, 17, 12, 12, 16, 22, 22, 25, 22, 15, 23, 16, 26, 17, 15, 17, 14, 17, 19, 26, 33, 16, 32, 29, 29, 28, 26, 19, 17, 20, 18, 13, 16, 21, 22, 19, 14, 12, 18, 20, 20, 18, 16, 21, 24, 14, 10, 12, 19, 17, 21, 22, 17, 14, 23, 16, 9, 9, 9, 7, 9, 8, 4, 2, 4, 4, 3, 8, 3
14, 5, 5, 10, 10, 5, 4, 11, 13, 16, 17, 12, 14, 16, 9, 5, 8, 14, 23, 22, 18, 22, 32, 19, 19, 15, 11, 17, 17, 19, 36, 21, 19, 20, 15, 12, 15, 21, 25, 12, 18, 18, 16, 18, 27, 37, 31, 28, 21, 20, 29, 30, 21, 21, 17, 15, 11, 13, 28, 21, 16, 9, 13, 17, 17, 16, 26, 15, 20, 21, 15, 14, 13, 12, 9, 19, 16, 12, 19, 25, 20, 16, 15, 6, 15, 8, 10, 5, 3, 7, 6, 3, 3, 4
8, 4, 4, 8, 6, 7, 6, 8, 9, 14, 8, 13, 9, 14, 11, 9, 16, 12, 26, 27, 26, 24, 23, 22, 16, 16, 18, 22, 26, 31, 21, 18, 22, 16, 12, 14, 17, 23, 21, 11, 13, 11, 19, 21, 22, 26, 35, 23, 21, 20, 26, 26, 26, 18, 16, 12, 8, 19, 25, 20, 13, 18, 9, 20, 12, 12, 17, 25, 16, 19, 11, 14, 15, 9, 18, 16, 14, 13, 10, 17, 14, 14, 11, 5, 9, 12, 12, 5, 4, 9, 4, 4, 2, 2
5, 3, 2, 3, 2, 3, 4, 6, 9, 14, 14, 6, 11, 11, 14, 12, 16, 21, 33, 22, 18, 23, 22, 29, 16, 23, 18, 25, 16, 23, 18, 8, 18, 20, 14, 14, 20, 11, 19, 27, 15, 12, 20, 27, 22, 23, 25, 27, 20, 24, 19, 21, 20, 22, 19, 18, 14, 18, 19, 18, 18, 16, 10, 19, 21, 15, 16, 20, 28, 22, 11, 15, 5, 6, 13, 12, 18, 13, 8, 16, 19, 12, 7, 5, 11, 8, 6, 3, 2, 5, 5, 6, 3, 3
5, 0, 0, 3, 4, 7, 6, 5, 14, 13, 11, 9, 13, 11, 10, 22, 21, 14, 26, 16, 11, 27, 26, 28, 22, 20, 21, 24, 16, 19, 17, 15, 11, 16, 20, 15, 17, 11, 15, 21, 13, 27, 25, 29, 17, 16, 11, 27, 30, 25, 17, 15, 18, 23, 19, 17, 21, 22, 22, 10, 18, 20, 10, 17, 14, 22, 24, 12, 21, 28, 6, 13, 6, 7, 8, 12, 17, 17, 10, 16, 18, 10, 9, 5, 11, 6, 7, 2, 1, 5, 2, 2, 5, 2
3, 1, 3, 4, 5, 3, 2, 6, 8, 11, 6, 10, 9, 18, 16, 15, 9, 14, 24, 16, 24, 29, 25, 24, 23, 25, 18, 26, 12, 14, 14, 16, 12, 11, 28, 14, 9, 9, 13, 11, 30, 22, 24, 14, 16, 18, 22, 18, 24, 16, 22, 12, 12, 20, 25, 16, 17, 22, 18, 6, 24, 13, 14, 16, 22, 16, 15, 22, 18, 17, 21, 12, 4, 7, 7, 13, 17, 7, 17, 16, 18, 13, 9, 4, 11, 6, 4, 3, 0, 2, 4, 4, 2, 1
3, 0, 2, 3, 5, 4, 5, 8, 12, 7, 8, 9, 17, 15, 8, 14, 11, 13, 19, 21, 19, 21, 23, 23, 30, 27, 26, 17, 13, 18, 19, 14, 17, 22, 18, 12, 7, 11, 17, 18, 27, 24, 25, 13, 13, 14, 23, 28, 21, 16, 15, 16, 16, 15, 20, 20, 24, 22, 15, 16, 12, 18, 7, 24, 20, 18, 12, 15, 17, 20, 12, 11, 7, 9, 4, 11, 14, 11, 16, 12, 17, 12, 11, 5, 10, 9, 2, 1, 1, 1, 3, 1, 2, 3

